{"cameraMode":{"drawMode":0,"name":"Shaded","section":"Shading Mode"},"sceneLighting":false,"audioPlay":false,"sceneViewState":{"showFog":true,"showMaterialUpdate":false,"showSkybox":false,"showFlares":true,"showImageEffects":true,"showParticleSystems":true},"in2DMode":false,"pivot":{"x":-0.020015478134155275,"y":-0.03583453595638275,"z":0.0},"rotation":{"x":-0.018092213198542596,"y":0.9534569382667542,"z":-0.29526224732398989,"w":-0.05842377990484238},"size":1.565873622894287,"orthographic":false}